Order ID,Date,Category,Channel,Region,Revenue,COGS,Discount,Delivery Cost,Profit
RC0001,2025-02-16,Toys,Referral,Central,2611,1449,176,187,975
RC0002,2025-04-20,Electronics,Social Media,West,16357,11638,2414,169,4550
RC0003,2024-11-30,Toys,Referral,North,763,425,55,186,152
RC0004,2025-03-17,Books,Paid Ads,East,750,331,121,203,216
RC0005,2025-04-07,Books,Social Media,North,944,421,163,134,389
RC0006,2024-12-04,Fashion,Paid Ads,West,1289,627,205,188,474
RC0007,2025-01-15,Beauty,Referral,South,1980,927,81,105,948
RC0008,2025-02-18,Sports,Referral,South,3150,1646,143,175,1329
RC0009,2025-04-26,Home & Kitchen,Email,East,5267,3121,1236,221,1925
RC0010,2025-01-28,Books,Social Media,South,700,316,132,115,269
RC0011,2024-11-12,Electronics,Organic Search,East,10810,7173,760,236,3401
RC0012,2025-01-24,Home & Kitchen,Paid Ads,East,4126,2373,818,168,1585
RC0013,2025-04-11,Sports,Paid Ads,East,2741,1742,744,227,772
RC0014,2024-11-28,Electronics,Organic Search,South,12513,8586,1335,110,3817
RC0015,2025-02-11,Electronics,Referral,East,14200,9516,1148,232,4452
RC0016,2025-02-08,Books,Referral,East,420,171,30,234,15
RC0017,2025-03-24,Sports,Organic Search,West,4170,2268,366,141,1761
RC0018,2024-12-05,Books,Social Media,East,727,318,109,168,241
RC0019,2025-01-06,Books,Organic Search,West,875,351,48,140,384
RC0020,2025-04-13,Fashion,Referral,Central,535,239,33,182,114
RC0021,2024-12-17,Beauty,Organic Search,South,2097,1040,215,147,910
RC0022,2024-12-18,Sports,Paid Ads,East,3994,2628,1262,169,1197
RC0023,2025-01-13,Fashion,Paid Ads,East,1164,629,334,225,310
RC0024,2025-03-04,Fashion,Referral,Central,3043,1382,247,155,1506
RC0025,2024-11-30,Fashion,Referral,South,2404,1059,117,102,1243
RC0026,2024-12-09,Beauty,Paid Ads,East,1130,666,351,226,238
RC0027,2025-01-09,Fashion,Social Media,South,2498,1251,480,113,1134
RC0028,2025-04-25,Sports,Organic Search,West,4421,2452,482,115,1854
RC0029,2024-12-13,Home & Kitchen,Referral,West,3391,1742,239,156,1493
RC0030,2024-12-20,Beauty,Referral,South,1253,614,111,106,533
RC0031,2025-02-19,Home & Kitchen,Referral,West,3661,1845,183,119,1697
RC0032,2025-01-10,Books,Referral,South,252,102,16,179,-29
RC0033,2024-12-20,Home & Kitchen,Organic Search,Central,5730,3054,632,206,2470
RC0034,2024-11-01,Sports,Organic Search,South,2513,1366,220,109,1038
RC0035,2025-02-18,Sports,Paid Ads,North,2279,1358,437,198,723
RC0036,2024-12-25,Fashion,Organic Search,Central,2993,1327,166,187,1479
RC0037,2024-11-11,Electronics,Email,South,13343,10064,2890,177,3102
RC0038,2025-03-22,Fashion,Referral,Central,1277,571,82,168,538
RC0039,2024-12-20,Fashion,Paid Ads,South,1089,610,363,122,357
RC0040,2025-03-05,Electronics,Organic Search,East,22926,15036,1325,207,7683
RC0041,2025-04-04,Sports,Social Media,West,3223,1889,555,141,1193
RC0042,2024-11-19,Fashion,Organic Search,North,1189,543,105,165,481
RC0043,2025-03-29,Sports,Referral,North,2777,1460,144,193,1124
RC0044,2025-03-12,Home & Kitchen,Social Media,East,2367,1429,610,210,728
RC0045,2025-03-07,Electronics,Referral,Central,14189,9374,930,169,4646
RC0046,2025-01-06,Electronics,Social Media,North,17781,13777,4440,188,3816
RC0047,2024-12-28,Beauty,Social Media,Central,952,533,232,139,280
RC0048,2025-04-29,Toys,Organic Search,North,731,417,70,197,117
RC0049,2024-12-15,Sports,Email,Central,1478,977,476,154,347
RC0050,2025-02-08,Sports,Email,South,3238,1866,495,161,1211
RC0051,2025-04-12,Books,Organic Search,North,1007,422,104,193,392
RC0052,2025-01-07,Electronics,Organic Search,Central,11985,7952,840,146,3887
RC0053,2024-12-30,Sports,Paid Ads,South,4254,2878,1501,139,1237
RC0054,2024-12-30,Sports,Email,South,3896,2471,1046,119,1306
RC0055,2025-02-28,Books,Social Media,West,469,220,109,147,102
RC0056,2025-02-14,Fashion,Referral,Central,1749,781,110,147,821
RC0057,2024-12-07,Beauty,Paid Ads,South,1720,1005,513,170,545
RC0058,2024-11-07,Home & Kitchen,Referral,East,7432,3797,478,160,3475
RC0059,2024-12-11,Home & Kitchen,Organic Search,Central,6052,3124,457,199,2729
RC0060,2025-01-17,Electronics,Email,North,13800,9812,2025,179,3809
RC0061,2025-01-12,Fashion,Social Media,North,986,471,135,178,337
RC0062,2024-11-30,Toys,Referral,South,629,343,31,127,159
RC0063,2025-04-18,Toys,Referral,East,1226,674,71,218,334
RC0064,2025-03-04,Fashion,Organic Search,South,3143,1482,386,144,1517
RC0065,2024-12-29,Toys,Paid Ads,North,816,496,137,165,155
RC0066,2025-02-23,Electronics,Email,West,17476,12585,2823,172,4719
RC0067,2025-03-24,Fashion,Referral,North,3642,1632,244,153,1857
RC0068,2025-02-21,Electronics,Organic Search,North,22451,15402,2391,156,6893
RC0069,2025-01-19,Books,Organic Search,East,1070,443,96,223,404
RC0070,2025-02-27,Fashion,Organic Search,South,1694,799,208,117,778
RC0071,2025-04-25,Beauty,Paid Ads,South,1242,674,255,173,395
RC0072,2024-12-20,Fashion,Social Media,East,2762,1324,391,215,1223
RC0073,2024-12-04,Toys,Social Media,North,587,339,65,190,58
RC0074,2024-12-24,Fashion,Referral,West,1956,868,111,180,908
RC0075,2024-11-09,Toys,Paid Ads,North,511,330,124,152,29
RC0076,2024-12-23,Home & Kitchen,Email,South,5767,3586,1704,125,2056
RC0077,2025-01-30,Sports,Email,Central,4870,2792,715,151,1927
RC0078,2025-03-03,Sports,Social Media,North,4255,2566,878,186,1503
RC0079,2025-04-11,Beauty,Email,West,2267,1171,335,145,951
RC0080,2025-02-01,Books,Paid Ads,North,778,373,204,198,207
RC0081,2024-11-17,Books,Referral,North,1106,439,50,191,476
RC0082,2025-04-14,Home & Kitchen,Paid Ads,South,4510,3068,1881,114,1328
RC0083,2024-12-15,Toys,Referral,North,3187,1733,146,194,1260
RC0084,2024-12-05,Fashion,Social Media,South,1420,724,305,140,556
RC0085,2024-12-18,Beauty,Paid Ads,North,1671,882,289,155,634
RC0086,2025-02-19,Home & Kitchen,Social Media,Central,2792,1524,382,134,1134
RC0087,2025-04-12,Books,Organic Search,East,1062,432,75,207,423
RC0088,2025-04-05,Fashion,Organic Search,Central,1368,627,125,142,599
RC0089,2025-02-05,Home & Kitchen,Paid Ads,South,5253,3322,1668,120,1811
RC0090,2024-11-25,Beauty,Referral,West,1861,903,146,114,844
RC0091,2025-02-21,Fashion,Social Media,East,2600,1240,353,177,1183
RC0092,2025-04-16,Electronics,Social Media,East,11202,7816,1405,197,3189
RC0093,2025-03-27,Fashion,Paid Ads,Central,1484,729,251,196,559
RC0094,2025-01-24,Books,Organic Search,North,930,373,52,164,393
RC0095,2025-03-07,Fashion,Social Media,Central,3141,1632,744,176,1333
RC0096,2025-04-02,Books,Referral,Central,207,82,9,196,-71
RC0097,2024-12-26,Sports,Organic Search,South,2722,1528,333,106,1088
RC0098,2025-03-21,Toys,Paid Ads,Central,1261,848,370,172,241
RC0099,2024-11-29,Electronics,Social Media,East,12175,9340,2889,237,2598
RC0100,2024-11-12,Home & Kitchen,Email,East,4000,2472,1151,218,1310
RC0101,2024-11-15,Electronics,Email,North,14783,10573,2270,137,4073
RC0102,2025-02-28,Fashion,Social Media,West,3054,1438,369,121,1495
RC0103,2025-02-25,Sports,Email,North,1341,823,305,151,367
RC0104,2025-02-02,Home & Kitchen,Organic Search,West,4548,2401,454,156,1991
RC0105,2024-12-20,Home & Kitchen,Referral,West,6189,3234,549,134,2821
RC0106,2025-04-26,Fashion,Referral,North,762,333,31,199,230
RC0107,2024-11-02,Electronics,Organic Search,South,6444,4480,781,141,1823
RC0108,2025-04-14,Toys,Referral,Central,1636,890,75,157,589
RC0109,2025-04-26,Books,Social Media,West,380,166,57,147,67
RC0110,2025-01-24,Sports,Paid Ads,North,1686,1188,690,196,302
RC0111,2025-01-28,Books,Organic Search,West,677,284,70,125,268
RC0112,2025-02-09,Home & Kitchen,Email,West,4115,2300,676,166,1649
RC0113,2025-03-28,Books,Referral,Central,1064,429,66,194,441
RC0114,2025-04-17,Electronics,Referral,West,5562,3668,354,170,1724
RC0115,2025-02-23,Electronics,Social Media,Central,19873,14870,4111,181,4822
RC0116,2025-04-24,Home & Kitchen,Paid Ads,East,5753,3594,1734,239,1920
RC0117,2024-11-26,Beauty,Email,Central,330,180,69,206,-56
RC0118,2024-11-23,Fashion,Social Media,South,1443,723,278,114,606
RC0119,2025-03-31,Toys,Referral,North,1071,581,46,153,337
RC0120,2024-11-10,Electronics,Social Media,North,7317,5330,1280,176,1811
RC0121,2025-04-20,Toys,Referral,Central,2250,1271,194,150,829
RC0122,2025-01-01,Home & Kitchen,Email,South,5555,2990,674,101,2464
RC0123,2025-02-10,Fashion,Social Media,East,2289,1135,414,234,920
RC0124,2024-11-04,Electronics,Social Media,East,17582,12843,3133,221,4518
RC0125,2025-01-12,Beauty,Referral,North,1352,637,63,175,540
RC0126,2025-02-17,Electronics,Referral,Central,5931,3907,371,173,1851
RC0127,2024-12-16,Books,Email,Central,751,338,139,180,233
RC0128,2025-04-17,Home & Kitchen,Organic Search,West,1564,818,140,139,607
RC0129,2024-11-16,Beauty,Social Media,South,1824,933,250,136,755
RC0130,2025-02-11,Fashion,Organic Search,South,1260,567,91,162,531
RC0131,2025-04-02,Sports,Referral,West,4800,2491,182,186,2123
RC0132,2025-04-17,Beauty,Referral,South,591,287,47,147,157
RC0133,2025-04-08,Fashion,Organic Search,East,1697,765,125,169,763
RC0134,2024-11-13,Beauty,Paid Ads,North,1025,593,292,150,282
RC0135,2024-11-09,Electronics,Paid Ads,North,9216,8206,4020,188,822
RC0136,2024-11-20,Electronics,Social Media,South,3243,2303,472,144,796
RC0137,2025-01-31,Sports,Paid Ads,Central,3272,2335,1398,173,764
RC0138,2025-01-03,Toys,Social Media,East,1741,1104,382,174,463
RC0139,2024-11-30,Electronics,Referral,West,4504,2923,211,112,1469
RC0140,2024-11-15,Home & Kitchen,Social Media,West,6033,3291,823,140,2602
RC0141,2025-03-20,Toys,Paid Ads,East,1285,773,202,198,314
RC0142,2025-04-24,Toys,Email,West,1341,908,405,145,288
RC0143,2025-03-09,Electronics,Email,Central,13310,9764,2439,192,3354
RC0144,2024-12-09,Fashion,Referral,Central,2922,1319,219,182,1421
RC0145,2025-01-19,Beauty,Paid Ads,North,378,207,82,177,-6
RC0146,2024-12-27,Toys,Email,North,2671,1581,369,175,915
RC0147,2025-02-17,Beauty,Email,West,1691,966,455,161,564
RC0148,2025-01-28,Electronics,Paid Ads,Central,17760,13487,3993,190,4083
RC0149,2025-03-24,Toys,Referral,East,2138,1181,133,161,796
RC0150,2025-04-02,Electronics,Social Media,Central,3709,2905,976,157,647
RC0151,2024-11-08,Fashion,Email,Central,2310,1268,709,170,872
RC0152,2024-11-16,Sports,Paid Ads,East,3719,2316,913,214,1189
RC0153,2025-04-05,Home & Kitchen,Referral,South,6094,3098,361,154,2842
RC0154,2024-11-01,Toys,Social Media,North,1772,1155,450,187,430
RC0155,2024-11-17,Beauty,Email,East,627,358,168,206,63
RC0156,2025-02-12,Beauty,Email,West,1849,1096,587,156,597
RC0157,2024-12-24,Electronics,Referral,East,10843,7109,623,217,3517
RC0158,2025-03-14,Fashion,Referral,South,3264,1452,193,151,1661
RC0159,2025-04-11,Beauty,Referral,South,2802,1336,168,175,1291
RC0160,2025-04-01,Beauty,Organic Search,West,2792,1331,166,113,1348
RC0161,2025-04-18,Books,Organic Search,West,781,320,62,173,288
RC0162,2025-03-14,Home & Kitchen,Social Media,Central,2363,1404,563,185,774
RC0163,2025-02-07,Beauty,Referral,North,1183,555,50,177,451
RC0164,2025-02-18,Books,Organic Search,West,636,264,58,185,187
RC0165,2024-11-06,Beauty,Referral,South,1912,897,82,159,856
RC0166,2024-12-31,Sports,Email,South,2302,1334,365,153,815
RC0167,2025-02-28,Toys,Social Media,North,1115,717,263,120,278
RC0168,2025-03-02,Books,Email,East,966,419,136,161,386
RC0169,2024-11-22,Electronics,Referral,North,23224,15207,1303,184,7833
RC0170,2024-11-04,Toys,Referral,Central,452,245,20,201,6
RC0171,2025-02-16,Beauty,Paid Ads,South,288,177,105,133,-22
RC0172,2025-03-28,Books,Social Media,Central,240,107,42,134,-1
RC0173,2025-02-16,Home & Kitchen,Social Media,North,4010,2231,638,162,1617
RC0174,2025-03-09,Home & Kitchen,Paid Ads,Central,6566,3643,1023,200,2723
RC0175,2025-01-02,Toys,Referral,North,2129,1177,135,146,806
RC0176,2024-12-27,Toys,Organic Search,West,2551,1442,222,176,933
RC0177,2025-04-18,Fashion,Email,North,1880,1009,522,145,726
RC0178,2025-02-21,Home & Kitchen,Social Media,Central,3531,1943,516,174,1414
RC0179,2024-11-15,Sports,Social Media,South,3505,2027,549,157,1321
RC0180,2024-12-04,Home & Kitchen,Email,West,4727,2986,1493,160,1581
RC0181,2025-02-11,Books,Email,North,576,284,172,170,122
RC0182,2025-03-28,Toys,Email,Central,427,294,139,138,-5
RC0183,2025-01-07,Books,Email,East,574,261,114,220,93
RC0184,2024-11-17,Home & Kitchen,Social Media,East,6019,3184,615,198,2637
RC0185,2025-01-19,Toys,Email,West,2905,1731,423,181,993
RC0186,2025-01-16,Beauty,Paid Ads,Central,1765,942,329,178,645
RC0187,2024-11-21,Toys,Organic Search,East,790,454,84,162,174
RC0188,2025-04-06,Toys,Social Media,South,880,565,207,102,213
RC0189,2024-12-16,Toys,Referral,South,982,531,39,106,345
RC0190,2025-02-07,Electronics,Email,East,10667,8749,3445,174,1744
RC0191,2024-11-04,Toys,Referral,West,2646,1501,241,142,1003
RC0192,2025-03-19,Toys,Organic Search,Central,413,226,22,138,49
RC0193,2024-12-27,Sports,Referral,East,4381,2334,286,228,1819
RC0194,2025-03-25,Beauty,Organic Search,Central,1773,867,154,205,701
RC0195,2025-04-11,Beauty,Referral,West,328,153,12,159,16
RC0196,2024-12-30,Toys,Organic Search,West,2764,1553,223,188,1023
RC0197,2024-11-26,Electronics,Organic Search,West,14101,9360,996,155,4586
RC0198,2025-02-07,Fashion,Organic Search,South,844,396,100,140,308
RC0199,2025-01-31,Fashion,Organic Search,Central,2607,1192,231,166,1249
RC0200,2025-04-20,Fashion,Social Media,South,2070,989,284,114,967
RC0201,2025-02-24,Fashion,Referral,Central,1332,599,94,185,548
RC0202,2025-03-19,Toys,Referral,Central,848,475,66,147,226
RC0203,2024-11-26,Sports,Paid Ads,North,2663,1648,633,177,838
RC0204,2024-11-17,Toys,Referral,South,1408,763,59,108,537
RC0205,2024-11-05,Sports,Paid Ads,East,1713,998,284,173,542
RC0206,2025-02-23,Toys,Paid Ads,East,1138,750,305,166,222
RC0207,2025-03-28,Toys,Organic Search,South,1196,664,80,152,380
RC0208,2024-12-06,Beauty,Organic Search,Central,2345,1133,173,147,1065
RC0209,2025-01-04,Books,Referral,North,1116,451,71,135,530
RC0210,2025-03-14,Home & Kitchen,Social Media,Central,6350,3829,1627,150,2371
RC0211,2024-12-06,Books,Social Media,North,864,385,149,144,335
RC0212,2024-12-08,Fashion,Referral,North,1649,734,98,197,718
RC0213,2025-03-19,Electronics,Organic Search,South,11449,7540,712,166,3743
RC0214,2025-04-20,Home & Kitchen,Email,West,1466,848,301,136,482
RC0215,2024-11-21,Fashion,Paid Ads,South,1504,743,265,125,636
RC0216,2025-03-29,Toys,Social Media,Central,1381,881,314,152,348
RC0217,2025-01-05,Toys,Email,West,2264,1343,319,126,795
RC0218,2025-04-28,Books,Organic Search,South,1035,427,88,114,494
RC0219,2025-03-28,Toys,Organic Search,North,3046,1753,325,163,1130
RC0220,2025-01-04,Home & Kitchen,Referral,Central,3733,1898,222,199,1636
RC0221,2025-03-17,Beauty,Referral,East,2703,1292,167,195,1216
RC0222,2025-03-02,Electronics,Email,East,17867,14709,5857,202,2956
RC0223,2025-04-03,Books,Paid Ads,West,371,172,82,127,72
RC0224,2024-12-29,Sports,Referral,West,2430,1325,220,113,992
RC0225,2024-12-25,Toys,Email,North,1075,662,199,131,282
RC0226,2025-03-17,Electronics,Referral,East,4595,3049,323,174,1372
RC0227,2025-02-18,Toys,Referral,East,616,348,54,231,37
RC0228,2025-02-22,Sports,Organic Search,Central,4924,2732,539,155,2037
RC0229,2025-04-29,Fashion,Paid Ads,East,2647,1376,629,213,1058
RC0230,2025-02-04,Sports,Referral,South,801,420,40,172,209
RC0231,2025-02-09,Home & Kitchen,Email,West,5052,2830,843,186,2036
RC0232,2025-01-27,Sports,Social Media,South,2218,1280,343,147,791
RC0233,2024-11-02,Home & Kitchen,Social Media,East,1245,738,293,239,268
RC0234,2024-11-04,Beauty,Paid Ads,East,1513,895,475,238,380
RC0235,2024-11-25,Beauty,Referral,South,1939,933,135,170,836
RC0236,2025-04-21,Beauty,Organic Search,East,844,416,81,166,262
RC0237,2025-04-14,Beauty,Paid Ads,North,1332,826,503,144,362
RC0238,2025-04-06,Sports,Social Media,North,3183,2012,841,155,1016
RC0239,2024-12-22,Home & Kitchen,Email,Central,2605,1526,575,137,942
RC0240,2024-12-02,Electronics,Referral,West,12299,8217,955,178,3904
RC0241,2025-02-16,Electronics,Paid Ads,West,5814,4546,1519,125,1143
RC0242,2025-04-16,Beauty,Paid Ads,West,916,519,238,184,213
RC0243,2025-03-08,Toys,Social Media,Central,878,527,135,173,178
RC0244,2024-12-14,Home & Kitchen,Paid Ads,Central,1757,1169,678,134,454
RC0245,2025-03-21,Fashion,Social Media,Central,760,364,107,170,226
RC0246,2025-01-17,Electronics,Social Media,West,15971,11732,2951,133,4106
RC0247,2025-03-09,Sports,Referral,West,4176,2180,183,185,1811
RC0248,2025-03-20,Fashion,Email,South,1983,1112,665,160,711
RC0249,2024-12-19,Beauty,Social Media,North,2476,1264,333,199,1013
RC0250,2025-04-18,Electronics,Referral,North,13272,8629,646,181,4462
RC0251,2025-03-28,Home & Kitchen,Social Media,Central,5336,3008,930,177,2151
RC0252,2024-11-23,Home & Kitchen,Social Media,Central,5386,2974,810,177,2235
RC0253,2025-03-29,Fashion,Organic Search,Central,2226,984,117,166,1076
RC0254,2025-03-31,Beauty,Paid Ads,East,1152,691,384,233,228
RC0255,2025-04-17,Fashion,Email,South,650,350,183,179,121
RC0256,2024-12-23,Electronics,Social Media,North,16407,11937,2847,193,4277
RC0257,2025-03-13,Electronics,Referral,North,15973,10516,988,172,5285
RC0258,2025-02-15,Toys,Paid Ads,West,2474,1632,665,119,723
RC0259,2024-12-17,Books,Paid Ads,East,172,84,48,166,-78
RC0260,2025-01-19,Home & Kitchen,Social Media,West,1717,1010,387,168,539
RC0261,2024-11-05,Sports,Social Media,East,752,430,108,229,93
RC0262,2025-02-23,Beauty,Referral,North,1031,505,92,187,339
RC0263,2025-04-06,Books,Email,North,195,91,44,123,-19
RC0264,2024-11-28,Home & Kitchen,Referral,East,3868,1948,190,174,1746
RC0265,2025-01-02,Fashion,Email,Central,1753,951,512,140,662
RC0266,2025-04-17,Books,Paid Ads,South,238,120,79,142,-24
RC0267,2025-04-10,Sports,Social Media,East,941,528,114,236,177
RC0268,2024-12-26,Home & Kitchen,Organic Search,West,4134,2232,516,179,1723
RC0269,2025-02-06,Fashion,Referral,North,1599,698,64,127,774
RC0270,2024-11-28,Toys,Referral,South,2612,1482,238,110,1020
RC0271,2025-01-17,Beauty,Paid Ads,East,919,515,225,236,168
RC0272,2025-02-22,Beauty,Paid Ads,East,1450,864,471,212,374
RC0273,2025-04-04,Beauty,Social Media,North,1459,790,296,167,502
RC0274,2025-02-23,Fashion,Paid Ads,Central,2236,1320,907,156,760
RC0275,2024-11-19,Beauty,Paid Ads,South,2072,1153,491,110,809
RC0276,2025-04-16,Sports,Email,West,1690,958,227,132,600
RC0277,2025-03-31,Toys,Organic Search,South,2595,1463,218,170,962
RC0278,2025-04-07,Toys,Referral,East,3254,1760,131,195,1299
RC0279,2024-12-18,Books,Referral,North,937,372,43,128,437
RC0280,2025-04-21,Sports,Paid Ads,South,1983,1144,304,144,695
RC0281,2025-04-06,Sports,Organic Search,South,4909,2710,510,140,2059
RC0282,2025-03-23,Books,Paid Ads,North,220,116,84,199,-95
RC0283,2025-04-11,Beauty,Referral,North,881,420,53,139,322
RC0284,2024-11-01,Sports,Referral,North,3382,1776,169,137,1469
RC0285,2025-01-17,Toys,Social Media,West,616,404,161,177,35
RC0286,2025-02-15,Books,Organic Search,South,637,266,64,170,201
RC0287,2024-12-04,Electronics,Referral,North,19866,13130,1312,161,6575
RC0288,2024-11-18,Home & Kitchen,Organic Search,West,5669,2968,515,156,2545
RC0289,2025-04-21,Electronics,Email,Central,3075,2376,758,159,540
RC0290,2025-01-01,Books,Organic Search,South,790,327,70,125,338
RC0291,2025-03-07,Toys,Email,North,2634,1658,554,129,847
RC0292,2025-04-10,Home & Kitchen,Organic Search,Central,5440,2783,357,181,2476
RC0293,2025-01-08,Electronics,Social Media,South,21731,15060,2560,142,6529
RC0294,2024-12-01,Beauty,Referral,West,1525,734,106,139,652
RC0295,2024-12-30,Home & Kitchen,Social Media,North,3526,1951,539,168,1407
RC0296,2024-12-11,Books,Organic Search,South,806,327,55,106,373
RC0297,2025-01-14,Fashion,Social Media,West,1644,864,414,131,649
RC0298,2024-12-03,Toys,Email,East,792,548,261,174,70
RC0299,2025-03-23,Sports,Referral,South,3873,2094,315,169,1610
RC0300,2025-01-02,Beauty,Email,West,1789,953,328,167,669
RC0301,2025-01-05,Electronics,Paid Ads,North,15677,13931,6792,141,1605
RC0302,2025-04-28,Electronics,Paid Ads,Central,16454,13836,5862,196,2422
RC0303,2025-04-10,Sports,Social Media,West,982,596,211,160,226
RC0304,2025-03-24,Books,Referral,West,556,222,29,174,160
RC0305,2025-03-15,Toys,Social Media,North,884,577,225,189,118
RC0306,2025-04-22,Sports,Paid Ads,Central,3446,1998,550,205,1243
RC0307,2025-01-10,Home & Kitchen,Email,North,4178,2579,1194,176,1423
RC0308,2025-04-24,Home & Kitchen,Referral,North,5097,2581,280,191,2325
RC0309,2025-01-24,Fashion,Email,Central,968,469,148,173,326
RC0310,2024-11-13,Home & Kitchen,Social Media,East,4071,2283,686,230,1558
RC0311,2025-02-13,Books,Referral,South,196,81,16,167,-52
RC0312,2024-12-31,Home & Kitchen,Referral,East,5422,2708,220,190,2524
RC0313,2025-03-14,Beauty,Email,West,366,190,56,129,47
RC0314,2025-01-29,Toys,Paid Ads,North,1009,653,246,170,186
RC0315,2025-01-26,Sports,Social Media,North,707,423,139,147,137
RC0316,2024-12-30,Toys,Referral,East,479,270,40,217,-8
RC0317,2025-02-22,Toys,Paid Ads,South,1054,760,407,112,182
RC0318,2025-03-28,Beauty,Email,North,570,327,157,148,95
RC0319,2025-03-15,Fashion,Social Media,North,1774,866,288,137,771
RC0320,2025-04-11,Electronics,Social Media,East,5587,3888,684,187,1512
RC0321,2024-12-18,Sports,Email,Central,4938,2950,962,157,1831
RC0322,2025-04-14,Books,Referral,North,357,146,28,172,39
RC0323,2024-12-10,Books,Email,North,642,286,110,129,227
RC0324,2025-03-13,Electronics,Email,Central,10272,7671,2100,147,2454
RC0325,2025-03-15,Books,Paid Ads,East,265,141,106,236,-112
RC0326,2025-02-01,Electronics,Social Media,West,13421,9213,1438,141,4067
RC0327,2024-11-27,Books,Paid Ads,East,414,217,156,232,-35
RC0328,2024-11-29,Home & Kitchen,Organic Search,South,2847,1497,271,102,1248
RC0329,2025-03-06,Sports,Referral,South,5525,2933,341,106,2486
RC0330,2025-01-15,Toys,Referral,South,2626,1448,158,123,1055
RC0331,2024-11-13,Sports,Organic Search,South,3253,1818,382,163,1272
RC0332,2025-03-03,Home & Kitchen,Paid Ads,West,5287,3174,1326,117,1996
RC0333,2025-01-24,Home & Kitchen,Email,South,3951,2205,642,126,1620
RC0334,2025-01-10,Toys,Referral,East,2639,1471,189,173,995
RC0335,2025-01-08,Sports,Social Media,North,4667,2850,1033,148,1669
RC0336,2024-12-08,Books,Email,East,668,289,92,233,146
RC0337,2024-11-09,Home & Kitchen,Referral,Central,6925,3588,549,136,3201
RC0338,2025-03-10,Electronics,Organic Search,North,9147,6160,789,182,2805
RC0339,2025-02-08,Books,Paid Ads,Central,689,375,297,208,106
RC0340,2025-04-21,Home & Kitchen,Social Media,South,6441,3500,851,133,2808
RC0341,2025-02-19,Electronics,Paid Ads,Central,16023,12726,4503,153,3144
RC0342,2025-01-17,Fashion,Email,North,722,386,198,153,183
RC0343,2024-11-04,Beauty,Paid Ads,West,1414,893,571,119,402
RC0344,2025-04-26,Sports,Paid Ads,South,1856,1244,633,164,448
RC0345,2025-03-14,Beauty,Organic Search,North,1483,718,113,133,632
RC0346,2024-12-01,Fashion,Email,Central,427,226,111,137,64
RC0347,2025-03-11,Toys,Organic Search,North,2900,1584,146,138,1178
RC0348,2025-01-15,Books,Referral,North,913,373,69,130,410
RC0349,2024-12-27,Toys,Email,West,2800,1786,635,131,883
RC0350,2025-03-21,Beauty,Paid Ads,South,801,446,189,138,217
RC0351,2025-01-06,Sports,Organic Search,West,5152,2848,544,129,2175
RC0352,2025-01-07,Beauty,Organic Search,East,1393,675,106,203,515
RC0353,2024-11-10,Beauty,Organic Search,Central,1411,695,134,168,548
RC0354,2025-02-01,Home & Kitchen,Email,Central,5999,3421,1129,161,2417
RC0355,2024-12-18,Books,Referral,West,504,199,20,178,127
RC0356,2025-01-23,Electronics,Paid Ads,West,8712,7322,3097,121,1269
RC0357,2025-03-18,Home & Kitchen,Referral,West,4195,2137,257,151,1907
RC0358,2025-04-12,Fashion,Paid Ads,East,1820,997,553,167,656
RC0359,2025-04-16,Beauty,Organic Search,West,2605,1287,256,141,1177
RC0360,2024-11-07,Home & Kitchen,Paid Ads,Central,4291,2956,1868,172,1163
RC0361,2024-12-08,Sports,Organic Search,West,5373,2984,594,126,2263
RC0362,2025-01-04,Home & Kitchen,Referral,West,1198,604,60,120,474
RC0363,2024-12-17,Beauty,Social Media,West,1354,751,315,138,465
RC0364,2024-11-17,Toys,Referral,South,2153,1202,158,106,845
RC0365,2025-03-02,Electronics,Referral,Central,16437,10818,1012,153,5466
RC0366,2024-12-31,Toys,Referral,West,2397,1355,209,181,861
RC0367,2025-01-25,Toys,Referral,North,1337,724,56,172,441
RC0368,2025-03-24,Toys,Organic Search,Central,2184,1208,140,192,784
RC0369,2024-12-04,Electronics,Social Media,Central,8362,5837,1053,134,2391
RC0370,2024-12-19,Books,Referral,South,204,84,18,167,-47
RC0371,2025-02-24,Books,Email,West,919,416,177,151,352
RC0372,2025-03-12,Electronics,Paid Ads,North,4617,3691,1336,183,743
RC0373,2025-01-11,Books,Organic Search,East,784,318,54,203,263
RC0374,2024-11-22,Toys,Email,North,1226,837,384,153,236
RC0375,2025-04-09,Toys,Email,East,652,442,198,238,-28
RC0376,2025-03-20,Toys,Referral,East,612,345,51,215,52
RC0377,2024-11-28,Electronics,Email,East,3127,2458,838,191,478
RC0378,2025-02-10,Books,Organic Search,Central,458,184,27,175,99
RC0379,2024-12-27,Beauty,Social Media,West,879,475,176,126,278
RC0380,2025-02-26,Sports,Paid Ads,South,3294,2222,1150,130,942
RC0381,2025-03-04,Beauty,Paid Ads,North,1261,682,255,156,423
RC0382,2025-04-18,Beauty,Organic Search,West,618,304,57,188,126
RC0383,2025-02-06,Fashion,Referral,East,1629,740,134,181,708
RC0384,2024-12-01,Fashion,Social Media,North,2220,1030,233,164,1026
RC0385,2025-02-08,Toys,Paid Ads,East,1686,1141,509,236,309
RC0386,2025-03-12,Toys,Referral,South,2933,1662,264,179,1092
RC0387,2025-04-16,Home & Kitchen,Paid Ads,Central,3538,2196,1037,194,1148
RC0388,2024-11-16,Electronics,Referral,Central,13711,9057,897,133,4521
RC0389,2024-11-26,Fashion,Social Media,South,1231,572,131,137,522
RC0390,2025-04-06,Sports,Organic Search,South,1925,1055,185,107,763
RC0391,2025-01-20,Home & Kitchen,Referral,North,6674,3386,381,132,3156
RC0392,2025-03-05,Beauty,Social Media,East,901,513,238,208,180
RC0393,2025-04-16,Books,Organic Search,South,846,342,54,129,375
RC0394,2025-02-09,Books,Email,West,668,286,84,126,256
RC0395,2024-12-23,Home & Kitchen,Organic Search,North,801,424,82,145,232
RC0396,2024-11-02,Books,Referral,West,901,358,42,151,392
RC0397,2024-12-31,Books,Paid Ads,West,545,260,138,119,166
RC0398,2025-04-05,Fashion,Social Media,East,1283,601,147,202,480
RC0399,2024-11-07,Books,Social Media,East,434,194,77,197,43
RC0400,2025-03-05,Home & Kitchen,Paid Ads,North,3955,2381,1005,184,1390
RC0401,2024-12-28,Fashion,Social Media,North,3549,1665,415,133,1751
RC0402,2025-04-14,Books,Paid Ads,East,445,198,76,171,76
RC0403,2025-02-07,Sports,Email,West,3539,2348,1157,124,1067
RC0404,2025-02-13,Electronics,Social Media,East,4696,3506,959,170,1020
RC0405,2025-02-12,Books,Social Media,Central,723,338,167,166,219
RC0406,2025-03-27,Sports,Social Media,East,4444,2809,1174,173,1462
RC0407,2025-02-10,Sports,Social Media,Central,2851,1712,574,156,983
RC0408,2025-04-16,Home & Kitchen,Referral,South,2997,1540,212,125,1332
RC0409,2025-01-14,Fashion,Referral,East,525,234,31,214,77
RC0410,2024-12-03,Home & Kitchen,Social Media,Central,1475,895,389,186,394
RC0411,2025-04-09,Electronics,Email,Central,5954,4453,1229,182,1319
RC0412,2024-12-18,Electronics,Referral,East,22616,14638,993,211,7767
RC0413,2025-01-03,Beauty,Email,East,2237,1251,542,173,813
RC0414,2025-01-06,Home & Kitchen,Email,South,1424,787,216,130,507
RC0415,2024-12-20,Home & Kitchen,Referral,East,4935,2465,201,236,2234
RC0416,2025-04-28,Beauty,Organic Search,Central,2132,1036,171,179,917
RC0417,2024-12-24,Fashion,Organic Search,West,730,339,76,142,249
RC0418,2025-01-06,Toys,Paid Ads,South,2777,1713,517,143,921
RC0419,2024-11-04,Electronics,Email,East,12670,9303,2335,238,3129
RC0420,2025-02-13,Sports,Referral,Central,677,352,26,181,144
RC0421,2025-01-22,Books,Social Media,Central,918,397,128,155,366
RC0422,2025-01-03,Toys,Paid Ads,West,875,555,192,124,196
RC0423,2024-11-26,Beauty,Organic Search,Central,2119,1074,267,132,913
RC0424,2025-01-23,Fashion,Email,North,1170,586,225,136,448
RC0425,2025-04-12,Home & Kitchen,Social Media,South,5193,2798,636,109,2286
RC0426,2025-04-11,Toys,Email,South,1131,723,260,137,271
RC0427,2024-12-24,Toys,Social Media,North,562,337,86,130,95
RC0428,2025-02-14,Toys,Social Media,North,2561,1661,634,178,722
RC0429,2025-03-17,Home & Kitchen,Social Media,East,4045,2317,782,229,1499
RC0430,2025-04-08,Beauty,Paid Ads,East,788,421,147,238,129
RC0431,2024-12-30,Sports,Referral,Central,4368,2314,261,203,1851
RC0432,2025-02-25,Electronics,Organic Search,Central,11625,7603,638,142,3880
RC0433,2024-11-24,Electronics,Paid Ads,South,12973,10680,4252,156,2137
RC0434,2024-11-07,Sports,Paid Ads,Central,1068,706,344,178,184
RC0435,2025-01-25,Toys,Email,Central,2169,1467,653,150,552
RC0436,2025-04-22,Home & Kitchen,Email,East,1773,1095,508,175,503
RC0437,2025-02-23,Sports,Organic Search,Central,5524,2993,462,186,2345
RC0438,2024-11-30,Sports,Email,North,2947,1932,918,125,890
RC0439,2024-12-22,Fashion,Social Media,Central,2968,1466,522,160,1342
RC0440,2024-11-07,Toys,Referral,Central,1078,606,87,141,331
RC0441,2025-02-22,Beauty,Email,West,2090,1073,294,151,866
RC0442,2024-11-05,Beauty,Organic Search,West,1501,743,150,123,635
RC0443,2024-11-28,Sports,Social Media,West,4144,2468,793,176,1500
RC0444,2025-03-22,Home & Kitchen,Referral,South,2266,1151,131,142,973
RC0445,2024-11-18,Beauty,Paid Ads,East,384,208,79,198,-22
RC0446,2025-04-14,Books,Email,North,607,293,165,173,141
RC0447,2025-02-07,Sports,Organic Search,Central,4798,2640,482,209,1949
RC0448,2025-01-15,Electronics,Email,South,11643,8196,1577,119,3328
RC0449,2024-12-10,Toys,Organic Search,South,1782,984,110,147,651
RC0450,2025-04-01,Toys,Social Media,East,1857,1200,450,228,429
RC0451,2025-04-12,Sports,Email,Central,3334,1917,500,159,1258
RC0452,2024-11-01,Toys,Email,North,1386,923,389,161,302
RC0453,2025-02-12,Beauty,Social Media,North,1087,611,270,121,355
RC0454,2025-01-24,Beauty,Paid Ads,East,1096,615,270,220,261
RC0455,2024-11-30,Beauty,Social Media,South,1118,592,197,128,398
RC0456,2025-02-28,Toys,Organic Search,South,673,385,68,132,156
RC0457,2024-11-06,Sports,Social Media,Central,4025,2415,805,157,1453
RC0458,2025-02-23,Beauty,Paid Ads,Central,681,372,145,132,177
RC0459,2024-11-06,Books,Social Media,East,795,337,93,234,224
RC0460,2025-01-31,Electronics,Social Media,North,14260,10986,3460,123,3151
RC0461,2024-12-29,Electronics,Email,Central,15955,13062,5113,165,2728
RC0462,2025-02-15,Beauty,Paid Ads,North,344,184,65,160,0
RC0463,2025-03-27,Fashion,Organic Search,West,3668,1618,185,171,1879
RC0464,2024-11-28,Toys,Paid Ads,South,699,464,194,142,93
RC0465,2024-12-17,Toys,Paid Ads,South,498,345,166,103,50
RC0466,2025-04-07,Home & Kitchen,Social Media,Central,4005,2408,1011,164,1433
RC0467,2024-11-06,Toys,Paid Ads,West,600,430,227,125,45
RC0468,2025-04-21,Books,Organic Search,North,857,357,82,157,343
RC0469,2025-02-15,Fashion,Referral,East,1978,887,135,235,856
RC0470,2025-04-08,Electronics,Email,North,13833,11097,4065,147,2589
RC0471,2025-02-14,Electronics,Referral,North,21435,14413,1812,176,6846
RC0472,2025-04-10,Toys,Organic Search,East,1750,1015,201,179,556
RC0473,2025-02-19,Fashion,Organic Search,East,2631,1197,219,233,1201
RC0474,2024-11-15,Sports,Paid Ads,East,2848,1780,713,212,856
RC0475,2025-03-05,Home & Kitchen,Email,Central,4172,2530,1099,148,1494
RC0476,2024-11-28,Home & Kitchen,Social Media,Central,1030,590,200,196,244
RC0477,2025-01-02,Home & Kitchen,Social Media,North,4099,2181,445,140,1778
RC0478,2025-04-13,Fashion,Organic Search,South,2939,1297,149,166,1476
RC0479,2025-01-14,Home & Kitchen,Paid Ads,North,5174,2981,1036,198,1995
RC0480,2024-12-26,Toys,Social Media,Central,2275,1459,530,161,655
RC0481,2025-01-20,Beauty,Email,Central,1886,1073,498,206,607
RC0482,2024-12-26,Fashion,Referral,North,2698,1184,122,143,1371
RC0483,2025-04-08,Electronics,Paid Ads,West,6356,5148,1948,110,1098
RC0484,2024-12-14,Books,Referral,East,778,318,58,201,259
RC0485,2025-03-17,Sports,Paid Ads,West,3581,2234,888,165,1182
RC0486,2025-04-25,Electronics,Paid Ads,South,16687,12568,3584,100,4019
RC0487,2024-12-06,Sports,Organic Search,North,1794,1004,214,155,635
RC0488,2025-03-02,Electronics,Email,North,16291,12999,4675,127,3165
RC0489,2025-02-01,Beauty,Referral,North,1185,575,92,144,466
RC0490,2024-12-13,Fashion,Referral,East,2215,978,114,211,1026
RC0491,2025-04-26,Sports,Email,West,4548,2692,835,142,1714
RC0492,2025-01-14,Beauty,Social Media,East,2448,1212,245,226,1010
RC0493,2024-12-19,Sports,Email,West,2155,1356,556,113,686
RC0494,2025-02-14,Electronics,Referral,Central,19899,13386,1691,173,6340
RC0495,2025-02-14,Fashion,Social Media,West,1153,606,289,149,398
RC0496,2024-12-10,Books,Email,East,826,355,108,203,268
RC0497,2025-01-14,Beauty,Organic Search,South,1788,867,139,134,787
RC0498,2025-04-20,Electronics,Referral,East,11983,7870,711,176,3937
RC0499,2025-04-29,Electronics,Organic Search,North,13330,8869,975,125,4336
RC0500,2025-01-08,Books,Email,North,223,108,60,199,-84
RC0501,2025-01-15,Fashion,Paid Ads,Central,1172,619,301,200,353
RC0502,2025-02-04,Beauty,Referral,North,1821,867,105,162,792
RC0503,2025-01-11,Beauty,Paid Ads,Central,603,379,239,139,85
RC0504,2025-04-15,Books,Social Media,West,761,356,177,146,259
RC0505,2025-03-10,Electronics,Organic Search,East,22516,14831,1405,229,7456
RC0506,2025-01-09,Toys,Email,Central,2461,1614,642,190,657
RC0507,2025-01-05,Toys,Referral,Central,2473,1372,166,196,905
RC0508,2025-01-28,Home & Kitchen,Email,South,3328,1980,796,177,1171
RC0509,2024-12-18,Fashion,Social Media,Central,486,228,57,194,64
RC0510,2025-02-28,Books,Referral,East,327,133,22,233,-39
RC0511,2025-03-18,Electronics,Organic Search,South,4276,2895,394,160,1221
RC0512,2025-04-19,Books,Organic Search,West,701,281,39,124,296
RC0513,2025-03-13,Sports,Social Media,North,4676,2828,980,171,1677
RC0514,2025-01-21,Books,Social Media,West,768,321,77,123,324
RC0515,2024-12-31,Sports,Social Media,South,2270,1330,391,164,776
RC0516,2025-01-30,Electronics,Organic Search,North,22246,15450,2673,194,6602
RC0517,2025-01-24,Books,Paid Ads,North,251,133,98,127,-9
RC0518,2025-01-06,Sports,Organic Search,Central,2745,1464,184,177,1104
RC0519,2025-04-08,Fashion,Paid Ads,Central,1154,577,219,184,393
RC0520,2025-03-12,Sports,Referral,East,3002,1637,272,197,1168
RC0521,2025-04-22,Home & Kitchen,Paid Ads,Central,4249,2484,925,167,1598
RC0522,2025-03-21,Toys,Social Media,Central,2007,1194,289,195,618
RC0523,2024-11-29,Home & Kitchen,Organic Search,Central,4558,2352,341,145,2061
RC0524,2024-11-03,Sports,Paid Ads,West,4058,2596,1135,136,1326
RC0525,2024-11-23,Fashion,Social Media,West,3507,1679,491,130,1698
RC0526,2025-03-01,Home & Kitchen,Organic Search,North,2772,1480,312,136,1156
RC0527,2025-01-22,Beauty,Referral,West,422,205,34,119,98
RC0528,2025-03-29,Electronics,Organic Search,South,9391,6555,1182,173,2663
RC0529,2024-12-02,Home & Kitchen,Referral,North,5158,2617,295,151,2390
RC0530,2024-12-08,Electronics,Paid Ads,South,5698,4229,1123,158,1311
RC0531,2025-03-25,Books,Email,East,601,273,117,217,111
RC0532,2025-02-16,Books,Organic Search,West,602,256,71,166,180
RC0533,2024-12-02,Sports,Organic Search,South,910,494,78,107,309
RC0534,2025-04-25,Electronics,Paid Ads,East,11168,8588,2684,205,2375
RC0535,2025-04-03,Beauty,Social Media,North,1948,1002,279,123,823
RC0536,2024-12-20,Sports,Email,East,3413,2137,861,169,1107
RC0537,2024-12-16,Electronics,Organic Search,North,5811,4004,647,151,1656
RC0538,2025-04-03,Sports,Social Media,Central,1883,1108,332,155,620
RC0539,2025-01-18,Electronics,Organic Search,Central,21502,14576,2008,187,6739
RC0540,2025-02-09,Fashion,Referral,North,1776,802,133,128,846
RC0541,2025-02-01,Beauty,Organic Search,North,540,263,44,155,122
RC0542,2025-02-09,Books,Organic Search,South,883,358,58,166,359
RC0543,2025-03-25,Books,Email,South,299,149,94,148,2
RC0544,2025-03-17,Fashion,Social Media,West,644,341,169,138,165
RC0545,2025-02-12,Toys,Organic Search,West,426,240,35,137,49
RC0546,2025-04-13,Sports,Organic Search,North,2743,1477,211,187,1079
RC0547,2025-01-30,Beauty,Paid Ads,West,609,323,108,186,100
RC0548,2025-01-10,Home & Kitchen,Paid Ads,North,4768,2755,972,135,1878
RC0549,2025-03-23,Toys,Paid Ads,Central,313,235,138,186,-108
RC0550,2025-02-28,Books,Organic Search,West,379,158,38,123,98
RC0551,2025-04-16,Sports,Email,South,3472,2087,702,123,1262
RC0552,2025-01-05,Electronics,Paid Ads,Central,16782,13946,5711,140,2696
RC0553,2024-11-28,Sports,Referral,Central,1613,865,117,201,547
RC0554,2024-11-19,Sports,Social Media,North,4102,2588,1075,164,1350
RC0555,2025-02-07,Toys,Referral,North,3140,1727,182,121,1292
RC0556,2025-04-09,Beauty,Email,North,232,138,74,126,-32
RC0557,2025-03-29,Beauty,Referral,West,703,342,57,181,180
RC0558,2024-12-16,Books,Referral,North,299,118,11,143,38
RC0559,2025-03-22,Sports,Referral,South,3452,1830,207,148,1474
RC0560,2024-11-05,Fashion,Social Media,Central,1958,1018,466,149,791
RC0561,2025-01-12,Beauty,Paid Ads,Central,880,503,238,200,177
RC0562,2025-03-19,Fashion,Organic Search,South,3058,1354,167,133,1571
RC0563,2025-02-18,Fashion,Organic Search,East,3240,1531,406,199,1510
RC0564,2025-04-13,Fashion,Organic Search,West,1851,854,183,164,833
RC0565,2025-03-15,Beauty,Referral,North,1731,839,134,154,738
RC0566,2025-01-28,Beauty,Paid Ads,West,556,298,106,156,102
RC0567,2025-03-05,Home & Kitchen,Organic Search,North,3598,1879,316,169,1550
RC0568,2025-02-24,Home & Kitchen,Paid Ads,East,5684,3420,1442,203,2061
RC0569,2025-02-16,Beauty,Referral,North,730,345,37,152,233
RC0570,2025-03-01,Toys,Paid Ads,South,719,534,307,148,37
RC0571,2025-01-06,Toys,Organic Search,West,1992,1162,242,164,666
RC0572,2025-04-01,Sports,Organic Search,West,5285,2820,354,182,2283
RC0573,2025-03-16,Beauty,Email,Central,1598,941,494,175,482
RC0574,2025-04-01,Books,Paid Ads,South,684,318,152,160,206
RC0575,2024-11-25,Fashion,Email,East,1237,691,408,239,307
RC0576,2025-04-05,Beauty,Social Media,North,2011,1027,271,153,831
RC0577,2025-04-25,Sports,Social Media,South,4877,2809,741,155,1913
RC0578,2025-01-12,Sports,Paid Ads,South,1722,1080,439,145,497
RC0579,2025-04-14,Beauty,Referral,East,1095,536,96,165,394
RC0580,2025-03-05,Toys,Email,Central,1408,827,183,162,419
RC0581,2025-02-08,Home & Kitchen,Organic Search,South,5353,2783,445,144,2426
RC0582,2025-03-29,Sports,Referral,South,2447,1326,204,134,987
RC0583,2025-04-13,Beauty,Paid Ads,East,2271,1255,517,225,791
RC0584,2025-01-31,Toys,Organic Search,North,1852,1012,95,190,650
RC0585,2025-01-31,Sports,Social Media,South,3784,2377,970,135,1272
RC0586,2025-02-06,Electronics,Organic Search,South,12649,8253,663,166,4230
RC0587,2024-12-04,Home & Kitchen,Paid Ads,West,4467,2484,707,145,1838
RC0588,2025-04-10,Beauty,Organic Search,East,1398,666,83,160,572
RC0589,2025-01-30,Toys,Organic Search,South,3025,1668,183,129,1228
RC0590,2025-01-29,Beauty,Paid Ads,North,2257,1272,570,134,851
RC0591,2025-04-07,Fashion,Organic Search,West,1451,654,105,112,685
RC0592,2025-03-08,Fashion,Referral,East,1079,483,72,188,408
RC0593,2025-01-05,Beauty,Organic Search,North,1311,621,70,199,491
RC0594,2025-01-09,Beauty,Email,Central,871,469,171,165,237
RC0595,2024-11-15,Sports,Email,South,1587,917,247,155,515
RC0596,2025-03-06,Fashion,Social Media,Central,2990,1560,725,194,1236
RC0597,2025-01-01,Beauty,Email,Central,881,468,158,143,270
RC0598,2025-02-05,Beauty,Social Media,South,2185,1237,563,124,824
RC0599,2025-01-15,Home & Kitchen,Organic Search,Central,3350,1788,375,172,1390
RC0600,2025-02-27,Electronics,Social Media,Central,6433,5029,1678,138,1266
RC0601,2025-04-27,Beauty,Social Media,Central,641,353,144,139,149
RC0602,2025-01-19,Electronics,Referral,East,18783,12577,1503,167,6039
RC0603,2024-12-15,Electronics,Paid Ads,East,3096,2358,707,174,564
RC0604,2025-01-03,Sports,Organic Search,North,5254,2870,486,122,2262
RC0605,2025-03-04,Electronics,Email,South,19052,14946,5055,132,3974
RC0606,2024-11-05,Home & Kitchen,Referral,West,4808,2420,234,134,2254
RC0607,2025-02-08,Sports,Organic Search,North,1331,711,91,198,422
RC0608,2024-11-13,Home & Kitchen,Paid Ads,East,5459,3343,1505,189,1927
RC0609,2025-04-15,Sports,Social Media,East,4373,2620,866,192,1561
RC0610,2025-01-29,Sports,Paid Ads,East,3071,2080,1089,229,762
RC0611,2025-01-30,Toys,Email,West,1430,837,180,183,410
RC0612,2025-03-30,Beauty,Paid Ads,West,1796,1025,482,141,630
RC0613,2024-11-19,Beauty,Organic Search,South,1272,642,154,148,482
RC0614,2025-04-13,Beauty,Organic Search,North,1487,716,103,197,574
RC0615,2025-03-05,Books,Referral,South,312,127,22,114,71
RC0616,2024-12-23,Fashion,Referral,East,1583,718,126,170,695
RC0617,2024-12-07,Home & Kitchen,Referral,East,1008,505,44,194,309
RC0618,2025-01-13,Home & Kitchen,Email,South,6980,3763,859,155,3062
RC0619,2025-04-26,Books,Referral,North,530,211,25,147,172
RC0620,2024-12-24,Electronics,Social Media,Central,20905,15220,3643,148,5537
RC0621,2025-04-11,Fashion,Social Media,East,949,474,180,226,249
RC0622,2024-11-16,Home & Kitchen,Referral,West,3278,1635,129,122,1521
RC0623,2024-11-20,Beauty,Email,Central,772,410,138,151,211
RC0624,2024-11-15,Toys,Email,West,2096,1268,343,152,676
RC0625,2025-02-02,Beauty,Referral,East,1013,480,53,200,333
RC0626,2025-02-09,Electronics,Paid Ads,West,14429,11410,3975,148,2871
RC0627,2025-04-07,Home & Kitchen,Organic Search,North,2832,1517,328,176,1139
RC0628,2024-12-06,Home & Kitchen,Referral,South,979,509,81,123,347
RC0629,2025-02-10,Fashion,Organic Search,South,1374,646,165,161,567
RC0630,2024-12-05,Books,Organic Search,East,283,116,23,180,-13
RC0631,2024-11-08,Books,Email,North,592,280,144,155,157
RC0632,2024-11-07,Toys,Email,East,2719,1746,638,163,810
RC0633,2025-04-21,Fashion,Paid Ads,West,2666,1549,1022,119,998
RC0634,2025-04-24,Sports,Referral,West,4147,2208,269,179,1760
RC0635,2025-04-11,Fashion,Email,North,2142,1063,390,139,940
RC0636,2024-11-13,Books,Organic Search,West,763,326,94,125,312
RC0637,2025-04-10,Fashion,Organic Search,South,1900,866,163,138,896
RC0638,2024-11-12,Electronics,Paid Ads,North,4694,3421,823,142,1131
RC0639,2025-01-23,Fashion,Organic Search,South,1280,596,138,132,552
RC0640,2025-03-12,Sports,Social Media,South,3748,2178,609,116,1454
RC0641,2025-01-20,Fashion,Email,South,1500,813,436,104,583
RC0642,2024-11-10,Home & Kitchen,Organic Search,West,5117,2606,313,164,2347
RC0643,2025-01-12,Home & Kitchen,Social Media,North,2913,1585,390,196,1132
RC0644,2025-04-24,Beauty,Paid Ads,Central,1204,678,303,169,357
RC0645,2025-03-15,Sports,Paid Ads,West,3874,2247,620,183,1444
RC0646,2025-03-28,Toys,Organic Search,South,1294,750,148,151,393
RC0647,2025-02-06,Home & Kitchen,Paid Ads,West,1226,799,438,151,276
RC0648,2025-01-24,Home & Kitchen,Email,North,3092,1757,569,123,1212
RC0649,2025-04-11,Fashion,Referral,Central,2390,1052,114,145,1193
RC0650,2024-11-16,Fashion,Social Media,East,1395,719,317,163,513
RC0651,2024-11-24,Toys,Social Media,Central,1808,1182,466,207,419
RC0652,2025-02-09,Fashion,Referral,Central,3733,1641,174,171,1921
RC0653,2025-02-01,Electronics,Paid Ads,East,3487,2737,928,238,512
RC0654,2025-02-26,Beauty,Social Media,Central,797,443,187,179,175
RC0655,2025-03-10,Toys,Organic Search,South,1642,942,169,142,558
RC0656,2025-03-15,Toys,Referral,North,736,410,52,139,187
RC0657,2025-04-21,Home & Kitchen,Paid Ads,North,1917,1288,766,191,438
RC0658,2024-12-24,Fashion,Paid Ads,West,2802,1584,969,122,1096
RC0659,2025-03-07,Beauty,Email,West,1440,756,241,170,514
RC0660,2025-04-19,Sports,Social Media,West,2837,1794,751,168,875
RC0661,2024-12-07,Electronics,Email,South,9267,6545,1290,124,2598
RC0662,2024-12-23,Fashion,Organic Search,North,854,383,57,155,316
RC0663,2025-02-06,Electronics,Social Media,North,3534,2443,407,123,968
RC0664,2025-01-03,Fashion,Email,North,1896,1023,540,192,681
RC0665,2025-01-17,Books,Email,North,872,403,188,135,334
RC0666,2025-02-28,Electronics,Organic Search,East,15561,10233,944,219,5109
RC0667,2025-03-01,Sports,Paid Ads,West,2595,1742,890,178,675
RC0668,2024-11-09,Home & Kitchen,Referral,West,5076,2650,445,186,2240
RC0669,2024-12-12,Beauty,Referral,Central,847,396,32,188,263
RC0670,2024-11-13,Beauty,Referral,North,685,332,53,126,227
RC0671,2024-11-09,Sports,Social Media,West,2498,1466,435,160,872
RC0672,2024-11-28,Beauty,Organic Search,North,2162,1066,208,196,900
RC0673,2025-01-23,Books,Organic Search,South,521,220,59,140,161
RC0674,2025-01-02,Beauty,Paid Ads,South,426,224,72,110,92
RC0675,2025-01-03,Fashion,Email,Central,855,470,265,154,231
RC0676,2025-03-20,Beauty,Referral,North,513,251,45,122,140
RC0677,2025-04-06,Electronics,Paid Ads,North,11363,9223,3513,150,1990
RC0678,2025-03-15,Electronics,Organic Search,East,10229,7017,1088,217,2995
RC0679,2025-04-15,Beauty,Organic Search,West,814,409,95,156,249
RC0680,2025-02-04,Beauty,Referral,North,2020,991,182,143,886
RC0681,2024-12-15,Home & Kitchen,Referral,East,2437,1220,104,167,1050
RC0682,2025-03-26,Beauty,Social Media,West,1794,969,360,116,709
RC0683,2024-12-14,Books,Social Media,South,641,272,76,163,206
RC0684,2025-03-20,Beauty,Email,North,1738,1021,531,148,569
RC0685,2025-01-04,Home & Kitchen,Email,South,3186,1749,458,135,1302
RC0686,2025-04-16,Home & Kitchen,Referral,West,6554,3432,595,172,2950
RC0687,2024-12-14,Electronics,Organic Search,Central,17299,12056,2146,163,5080
RC0688,2025-01-29,Toys,Social Media,North,1084,640,146,165,279
RC0689,2025-01-28,Books,Paid Ads,Central,724,348,193,145,231
RC0690,2025-02-11,Beauty,Email,North,702,374,128,136,192
RC0691,2024-11-23,Electronics,Referral,North,7611,5127,659,151,2333
RC0692,2025-04-05,Home & Kitchen,Social Media,South,6490,3628,1068,174,2688
RC0693,2025-03-02,Electronics,Social Media,West,3006,2301,705,160,545
RC0694,2024-12-02,Toys,Paid Ads,East,806,488,132,225,93
RC0695,2025-04-22,Home & Kitchen,Organic Search,South,3712,1986,425,173,1553
RC0696,2025-01-24,Home & Kitchen,Email,North,1255,725,256,168,362
RC0697,2025-02-08,Electronics,Email,Central,3517,2696,832,192,629
RC0698,2025-03-04,Toys,Email,North,836,543,209,125,168
RC0699,2025-04-06,Books,Referral,Central,559,220,21,134,205
RC0700,2024-12-02,Sports,Social Media,South,3964,2302,640,114,1548
RC0701,2025-04-24,Home & Kitchen,Referral,East,1345,694,101,183,468
RC0702,2025-03-25,Fashion,Referral,East,3000,1342,195,230,1428
RC0703,2025-04-23,Sports,Social Media,West,1419,830,241,185,404
RC0704,2025-03-10,Home & Kitchen,Referral,West,895,468,80,152,275
RC0705,2024-12-01,Beauty,Organic Search,Central,718,360,82,131,227
RC0706,2025-03-31,Electronics,Email,Central,7782,6039,1958,207,1536
RC0707,2025-04-04,Toys,Social Media,North,2860,1706,420,173,981
RC0708,2025-04-12,Books,Social Media,South,592,282,151,130,180
RC0709,2025-03-07,Books,Social Media,Central,949,449,232,145,355
RC0710,2024-12-25,Electronics,Referral,North,17656,11769,1326,171,5716
RC0711,2025-04-13,Sports,Social Media,South,3907,2362,816,169,1376
RC0712,2025-01-27,Electronics,Social Media,West,6389,4409,723,152,1828
RC0713,2025-04-23,Books,Referral,East,495,195,19,189,111
RC0714,2024-11-19,Books,Social Media,Central,863,361,88,163,339
RC0715,2024-11-19,Books,Organic Search,North,911,369,59,191,351
RC0716,2025-03-17,Fashion,Organic Search,Central,2533,1134,168,190,1209
RC0717,2025-01-14,Books,Referral,North,586,241,49,194,151
RC0718,2025-01-23,Toys,Referral,Central,2476,1342,104,145,989
RC0719,2025-02-18,Fashion,Referral,West,2415,1062,114,167,1186
RC0720,2025-03-14,Beauty,Organic Search,West,2143,1019,121,136,988
RC0721,2025-01-27,Fashion,Referral,North,3343,1510,252,148,1685
RC0722,2025-01-17,Home & Kitchen,Social Media,East,1134,673,268,175,286
RC0723,2024-11-04,Toys,Organic Search,West,1903,1087,188,153,663
RC0724,2024-11-18,Fashion,Organic Search,West,1159,547,143,133,479
RC0725,2024-11-26,Books,Referral,South,246,98,11,105,43
RC0726,2024-11-28,Fashion,Organic Search,North,3059,1394,261,157,1508
RC0727,2024-12-06,Toys,Email,West,1896,1265,536,183,448
RC0728,2025-02-26,Beauty,Organic Search,Central,1278,643,151,152,483
RC0729,2024-11-11,Books,Social Media,West,534,238,91,112,184
RC0730,2025-03-10,Electronics,Organic Search,Central,4934,3226,269,142,1566
RC0731,2025-04-08,Beauty,Email,East,455,234,66,219,2
RC0732,2025-02-27,Beauty,Referral,East,1091,523,71,171,397
RC0733,2025-02-11,Toys,Email,North,1334,881,360,193,260
RC0734,2025-03-15,Books,Social Media,West,960,443,206,138,379
RC0735,2025-04-06,Books,Referral,North,567,230,39,178,159
RC0736,2025-02-28,Electronics,Social Media,South,13320,9990,2793,109,3221
RC0737,2024-12-01,Toys,Social Media,West,2902,1798,556,115,989
RC0738,2025-02-17,Electronics,Paid Ads,Central,12624,10188,3808,185,2251
RC0739,2025-04-16,Books,Referral,East,649,268,55,214,167
RC0740,2024-11-11,Electronics,Email,South,3820,2965,963,161,694
RC0741,2025-03-21,Fashion,Organic Search,East,3136,1419,243,237,1480
RC0742,2024-12-19,Fashion,Social Media,East,704,334,92,202,168
RC0743,2024-12-31,Toys,Organic Search,South,647,374,72,130,143
RC0744,2024-12-28,Toys,Organic Search,Central,3083,1797,372,167,1119
RC0745,2025-02-18,Fashion,Organic Search,South,1248,573,117,144,531
RC0746,2025-04-15,Electronics,Paid Ads,West,3650,2612,563,176,862
RC0747,2024-11-24,Electronics,Email,North,3183,2267,474,127,789
RC0748,2025-04-05,Electronics,Paid Ads,Central,16171,14262,6832,185,1724
RC0749,2025-03-10,Beauty,Referral,East,2268,1066,102,161,1041
RC0750,2024-11-24,Beauty,Organic Search,Central,2204,1113,269,192,899
RC0751,2025-04-21,Electronics,Social Media,North,21875,15252,2725,188,6435
RC0752,2025-02-27,Books,Organic Search,East,395,159,24,230,6
RC0753,2024-12-14,Home & Kitchen,Social Media,South,2567,1400,350,135,1032
RC0754,2025-03-22,Electronics,Social Media,West,10451,7325,1364,187,2939
RC0755,2025-02-25,Beauty,Email,West,864,511,271,135,218
RC0756,2025-01-08,Home & Kitchen,Paid Ads,North,2531,1740,1093,198,593
RC0757,2024-12-21,Sports,Referral,West,835,455,75,184,196
RC0758,2025-02-18,Toys,Paid Ads,Central,2693,1744,660,150,799
RC0759,2025-01-22,Books,Referral,South,208,82,8,125,1
RC0760,2025-01-05,Fashion,Paid Ads,South,2813,1470,687,154,1189
RC0761,2025-01-21,Fashion,Paid Ads,North,576,306,152,169,101
RC0762,2025-01-11,Books,Organic Search,West,262,107,19,141,14
RC0763,2025-04-18,Home & Kitchen,Social Media,Central,5443,2995,797,138,2310
RC0764,2024-11-19,Books,Paid Ads,South,659,291,106,123,245
RC0765,2024-11-21,Beauty,Paid Ads,East,1225,750,442,167,308
RC0766,2025-04-17,Electronics,Paid Ads,Central,12940,10856,4570,142,1942
RC0767,2025-01-25,Beauty,Email,South,1139,581,153,118,440
RC0768,2025-02-02,Books,Organic Search,South,379,154,27,127,98
RC0769,2024-12-16,Fashion,Referral,Central,1986,889,131,187,910
RC0770,2025-01-26,Books,Email,North,486,224,104,145,117
RC0771,2025-02-05,Fashion,Email,South,653,355,192,105,193
RC0772,2025-03-28,Toys,Paid Ads,Central,543,374,177,188,-19
RC0773,2024-11-08,Fashion,Paid Ads,East,2042,1018,381,199,825
RC0774,2024-11-14,Beauty,Paid Ads,North,466,256,103,134,76
RC0775,2025-02-08,Toys,Social Media,Central,1528,1002,399,138,388
RC0776,2024-11-13,Books,Referral,East,927,366,35,213,348
RC0777,2024-11-11,Beauty,Email,Central,520,288,121,177,55
RC0778,2025-01-06,Electronics,Social Media,West,13066,9449,2175,169,3448
RC0779,2025-01-27,Home & Kitchen,Paid Ads,Central,5284,3647,2314,190,1447
RC0780,2025-01-11,Electronics,Organic Search,East,5065,3434,474,178,1453
RC0781,2024-12-03,Books,Paid Ads,East,266,144,114,206,-84
RC0782,2024-12-07,Sports,Paid Ads,Central,534,384,234,184,-34
RC0783,2024-11-03,Electronics,Organic Search,West,21793,14464,1536,189,7140
RC0784,2025-04-13,Toys,Email,West,1133,712,236,152,269
RC0785,2024-11-26,Books,Social Media,North,868,413,218,147,308
RC0786,2025-03-29,Home & Kitchen,Organic Search,West,4199,2199,382,175,1825
RC0787,2025-01-24,Home & Kitchen,Organic Search,West,6286,3354,702,149,2783
RC0788,2024-12-10,Books,Social Media,West,558,257,119,164,137
RC0789,2025-03-14,Toys,Organic Search,North,2741,1530,202,169,1042
RC0790,2025-03-20,Sports,Organic Search,North,4091,2303,515,152,1636
RC0791,2025-01-02,Sports,Referral,South,4218,2220,223,147,1851
RC0792,2025-03-04,Sports,Paid Ads,North,3532,2268,1005,143,1121
RC0793,2025-03-14,Toys,Email,North,2345,1598,728,134,613
RC0794,2025-01-20,Electronics,Email,Central,11344,8671,2642,130,2543
RC0795,2025-02-11,Beauty,Paid Ads,East,616,321,97,222,73
RC0796,2024-12-24,Toys,Referral,South,821,452,49,158,211
RC0797,2025-01-17,Books,Paid Ads,West,743,357,197,175,211
RC0798,2024-12-27,Books,Organic Search,North,202,85,22,198,-81
RC0799,2025-01-01,Books,Social Media,Central,612,274,110,207,131
RC0800,2024-12-10,Toys,Organic Search,South,1411,817,160,178,416
RC0801,2025-03-31,Home & Kitchen,Social Media,Central,2170,1264,464,195,711
RC0802,2025-03-26,Beauty,Email,East,2384,1217,321,225,942
RC0803,2025-03-12,Fashion,Organic Search,Central,1470,680,148,160,630
RC0804,2024-11-09,Electronics,Referral,Central,18442,12306,1407,146,5990
RC0805,2025-02-17,Home & Kitchen,Organic Search,South,1946,983,101,115,848
RC0806,2025-04-07,Home & Kitchen,Referral,North,3928,2046,335,196,1686
RC0807,2025-04-05,Beauty,Social Media,Central,1263,692,274,136,435
RC0808,2025-02-24,Books,Social Media,South,428,185,59,100,143
RC0809,2025-02-12,Fashion,Email,Central,2710,1355,517,177,1178
RC0810,2024-12-09,Sports,Organic Search,Central,1914,1052,189,155,707
RC0811,2025-04-02,Toys,Organic Search,North,778,447,81,134,197
RC0812,2025-03-14,Beauty,Organic Search,East,619,293,33,179,147
RC0813,2024-11-01,Beauty,Social Media,Central,483,252,78,200,31
RC0814,2024-11-25,Books,Paid Ads,West,707,332,167,160,215
RC0815,2024-12-24,Beauty,Organic Search,South,1367,684,152,164,519
RC0816,2024-11-27,Toys,Referral,East,2853,1612,247,211,1030
RC0817,2025-01-15,Home & Kitchen,Referral,North,5885,3083,537,142,2660
RC0818,2024-11-29,Electronics,Referral,West,16519,10960,1159,125,5434
RC0819,2025-02-11,Beauty,Organic Search,Central,1573,747,88,174,652
RC0820,2025-02-20,Home & Kitchen,Paid Ads,South,2712,1715,861,102,895
RC0821,2024-12-13,Toys,Paid Ads,East,1993,1289,486,186,518
RC0822,2024-12-04,Sports,Social Media,North,4494,2768,1042,161,1565
RC0823,2025-02-26,Fashion,Organic Search,North,1806,804,108,184,818
RC0824,2025-01-20,Electronics,Referral,East,11131,7521,1000,171,3439
RC0825,2025-04-13,Fashion,Paid Ads,West,467,229,78,146,92
RC0826,2025-01-17,Electronics,Paid Ads,South,15546,12217,4159,141,3188
RC0827,2025-03-10,Books,Organic Search,East,901,368,68,201,332
RC0828,2025-02-27,Sports,Social Media,West,3729,2264,799,131,1334
RC0829,2025-04-06,Sports,Social Media,Central,2181,1280,380,137,764
RC0830,2025-04-21,Electronics,Email,West,15237,11364,3092,142,3731
RC0831,2025-01-02,Books,Paid Ads,South,861,440,297,171,250
RC0832,2025-04-11,Fashion,Email,North,778,376,117,156,246
RC0833,2024-11-15,Beauty,Organic Search,Central,489,233,28,186,70
RC0834,2025-04-11,Fashion,Email,Central,2055,1142,664,148,765
RC0835,2025-01-14,Fashion,Paid Ads,South,3078,1615,768,139,1324
RC0836,2024-11-02,Electronics,Social Media,North,19149,13603,2791,146,5400
RC0837,2024-12-10,Sports,Social Media,Central,3691,2125,559,147,1419
RC0838,2025-01-03,Toys,Organic Search,Central,2716,1492,153,142,1082
RC0839,2025-02-26,Books,Paid Ads,North,796,433,343,136,227
RC0840,2024-12-13,Home & Kitchen,Paid Ads,North,5680,3774,2183,179,1727
RC0841,2025-02-20,Electronics,Referral,East,14677,9518,674,186,4973
RC0842,2025-04-18,Sports,Referral,West,1802,982,162,129,691
RC0843,2025-04-05,Beauty,Social Media,South,1403,723,204,159,521
RC0844,2024-11-24,Beauty,Social Media,South,565,302,105,176,87
RC0845,2025-03-20,Sports,Email,North,3663,2140,617,149,1374
RC0846,2024-11-03,Beauty,Email,East,443,252,117,171,20
RC0847,2025-03-26,Beauty,Paid Ads,Central,1320,707,251,204,409
RC0848,2024-11-16,Home & Kitchen,Social Media,North,1640,957,353,158,525
RC0849,2025-02-18,Fashion,Social Media,East,2452,1289,617,226,937
RC0850,2025-02-11,Sports,Email,South,2428,1592,756,114,722
RC0851,2025-03-20,Books,Social Media,East,721,314,105,201,206
RC0852,2025-02-10,Home & Kitchen,Organic Search,South,2736,1468,322,159,1109
RC0853,2024-12-29,Electronics,Paid Ads,East,3372,2804,1150,210,358
RC0854,2025-03-20,Electronics,Paid Ads,South,17234,15134,7176,130,1970
RC0855,2025-03-23,Toys,Referral,Central,2564,1421,168,193,950
RC0856,2025-04-29,Books,Referral,East,305,123,19,175,7
RC0857,2025-04-28,Electronics,Paid Ads,East,4814,3802,1319,239,773
RC0858,2024-12-08,Toys,Referral,North,3151,1766,245,191,1194
RC0859,2025-01-30,Sports,Social Media,North,3551,1980,410,181,1390
RC0860,2025-01-02,Home & Kitchen,Referral,Central,7322,3814,623,151,3357
RC0861,2025-03-13,Electronics,Referral,Central,20954,13798,1301,206,6950
RC0862,2025-03-16,Fashion,Organic Search,North,1859,853,171,143,863
RC0863,2025-03-16,Toys,Referral,East,1869,1012,77,169,688
RC0864,2024-12-23,Books,Organic Search,North,536,223,51,193,120
RC0865,2025-02-28,Home & Kitchen,Social Media,East,3653,2136,797,214,1303
RC0866,2024-11-24,Books,Referral,North,696,288,62,158,250
RC0867,2025-03-23,Toys,Referral,West,1658,897,67,164,597
RC0868,2024-11-30,Fashion,Email,East,2512,1299,581,227,986
RC0869,2025-01-10,Fashion,Paid Ads,Central,639,339,168,149,151
RC0870,2024-11-26,Books,Social Media,West,908,422,202,122,364
RC0871,2024-11-28,Sports,Email,East,756,498,240,215,43
RC0872,2025-01-22,Toys,Referral,East,388,214,24,187,-13
RC0873,2024-12-20,Toys,Paid Ads,West,2061,1419,668,132,510
RC0874,2025-02-10,Toys,Email,Central,1208,802,335,141,265
RC0875,2024-12-15,Books,Paid Ads,Central,300,161,123,185,-46
RC0876,2024-11-18,Fashion,Email,North,2854,1486,685,195,1173
RC0877,2024-12-25,Books,Email,South,598,302,198,110,186
RC0878,2025-03-01,Toys,Social Media,North,2023,1277,432,136,610
RC0879,2025-02-04,Home & Kitchen,Paid Ads,South,1601,996,473,107,498
RC0880,2024-12-22,Books,Paid Ads,Central,666,325,188,174,167
RC0881,2025-02-25,Toys,Organic Search,Central,1027,593,113,193,241
RC0882,2025-01-27,Fashion,Email,West,2150,1084,432,159,907
RC0883,2025-01-18,Toys,Organic Search,South,1709,949,116,127,633
RC0884,2024-11-17,Sports,Organic Search,South,5016,2650,283,131,2235
RC0885,2025-04-09,Beauty,Organic Search,Central,380,181,22,165,34
RC0886,2025-03-01,Books,Email,East,987,429,143,192,366
RC0887,2025-04-16,Electronics,Referral,North,12739,8392,796,191,4156
RC0888,2025-02-24,Books,Paid Ads,West,480,237,143,149,94
RC0889,2025-04-11,Home & Kitchen,Email,East,6943,3775,921,212,2956
RC0890,2024-11-11,Sports,Paid Ads,East,4088,2874,1660,178,1036
RC0891,2025-03-02,Toys,Email,East,1966,1283,502,214,469
RC0892,2024-11-08,Fashion,Organic Search,South,2096,989,259,101,1006
RC0893,2025-01-14,Toys,Organic Search,North,1074,596,73,145,333
RC0894,2025-04-12,Beauty,Referral,Central,2040,969,114,204,867
RC0895,2024-11-04,Electronics,Organic Search,West,12740,8743,1362,142,3855
RC0896,2025-04-13,Home & Kitchen,Email,North,2144,1248,455,124,772
RC0897,2024-12-13,Beauty,Email,West,1120,619,256,120,381
RC0898,2025-03-14,Toys,Email,East,2390,1477,451,219,694
RC0899,2025-01-21,Electronics,Paid Ads,North,17918,14103,4829,151,3664
RC0900,2025-02-16,Sports,Referral,North,4317,2255,193,138,1924
RC0901,2024-11-23,Books,Paid Ads,Central,397,201,132,204,-8
RC0902,2025-04-24,Sports,Paid Ads,South,1009,598,187,117,294
RC0903,2025-04-11,Electronics,Paid Ads,Central,13369,9698,2273,140,3531
RC0904,2024-11-18,Sports,Paid Ads,East,674,444,214,231,-1
RC0905,2025-01-07,Beauty,Paid Ads,East,1867,1061,491,196,610
RC0906,2024-11-11,Books,Email,Central,900,400,153,190,310
RC0907,2025-02-09,Toys,Paid Ads,East,2498,1535,453,203,760
RC0908,2025-02-12,Books,Social Media,East,896,387,122,162,347
RC0909,2025-04-29,Sports,Email,North,2696,1674,652,120,902
RC0910,2025-01-19,Books,Email,West,709,307,99,175,227
RC0911,2025-01-30,Fashion,Referral,South,1047,468,67,167,412
RC0912,2025-02-21,Sports,Paid Ads,East,2534,1468,402,225,841
RC0913,2025-02-26,Books,Social Media,Central,434,193,73,178,63
RC0914,2024-11-12,Beauty,Paid Ads,North,1973,1051,362,186,736
RC0915,2025-04-04,Sports,Email,North,2930,1772,613,127,1031
RC0916,2024-11-20,Electronics,Social Media,North,19257,13333,2248,186,5738
RC0917,2024-12-03,Toys,Paid Ads,South,1599,963,253,171,465
RC0918,2025-02-21,Home & Kitchen,Paid Ads,East,4571,3010,1699,221,1340
RC0919,2025-03-12,Toys,Email,South,676,394,82,134,148
RC0920,2025-03-18,Sports,Paid Ads,South,1657,976,296,176,505
RC0921,2025-03-30,Beauty,Email,West,243,145,79,168,-70
RC0922,2025-01-18,Electronics,Organic Search,East,4508,2941,235,183,1384
RC0923,2025-03-13,Fashion,Social Media,East,3415,1643,496,235,1537
RC0924,2025-01-10,Home & Kitchen,Referral,Central,2060,1072,174,203,785
RC0925,2024-11-25,Home & Kitchen,Organic Search,South,4714,2393,271,128,2193
RC0926,2024-11-03,Electronics,Referral,South,15370,10152,1004,159,5059
RC0927,2024-12-12,Books,Social Media,West,384,171,65,129,84
RC0928,2025-03-16,Beauty,Referral,Central,1844,867,82,171,806
RC0929,2025-01-31,Home & Kitchen,Social Media,East,819,475,171,184,160
RC0930,2024-12-18,Electronics,Email,South,4086,3155,1003,150,781
RC0931,2024-12-07,Toys,Organic Search,North,489,268,27,177,44
RC0932,2024-11-25,Toys,Referral,Central,873,488,66,171,214
RC0933,2025-01-12,Sports,Email,South,3265,1916,568,178,1171
RC0934,2025-01-11,Fashion,Social Media,West,2696,1392,619,177,1127
RC0935,2025-03-29,Sports,Paid Ads,East,4498,2890,1282,185,1423
RC0936,2025-02-11,Sports,Email,West,3786,2250,715,126,1410
RC0937,2024-12-16,Home & Kitchen,Email,Central,5720,3212,972,197,2311
RC0938,2025-01-25,Beauty,Organic Search,North,975,494,123,169,312
RC0939,2025-03-02,Toys,Paid Ads,West,1133,802,410,130,201
RC0940,2025-03-06,Fashion,Social Media,South,3463,1675,526,149,1639
RC0941,2024-11-04,Beauty,Organic Search,West,547,260,31,136,151
RC0942,2025-02-24,Electronics,Organic Search,Central,12439,8332,999,130,3977
RC0943,2025-02-22,Beauty,Referral,North,909,446,83,125,338
RC0944,2025-01-05,Beauty,Organic Search,South,998,496,104,130,372
RC0945,2025-01-08,Fashion,Email,South,3180,1555,522,132,1493
RC0946,2025-04-27,Sports,Paid Ads,Central,2907,1710,514,141,1056
RC0947,2025-01-16,Books,Paid Ads,East,725,378,269,213,134
RC0948,2025-03-27,Electronics,Social Media,Central,15490,10735,1824,158,4597
RC0949,2025-03-01,Home & Kitchen,Email,North,4615,2751,1117,179,1685
RC0950,2024-11-24,Electronics,Paid Ads,West,12038,8985,2454,120,2933
RC0951,2025-04-04,Sports,Email,East,3271,1840,410,221,1210
RC0952,2025-02-16,Home & Kitchen,Social Media,North,4953,2760,798,182,2011
RC0953,2025-01-08,Books,Paid Ads,East,400,215,165,213,-28
RC0954,2025-01-16,Fashion,Social Media,Central,2081,1079,489,176,826
RC0955,2025-03-06,Beauty,Email,North,1230,667,252,134,429
RC0956,2024-11-20,Books,Referral,Central,437,179,35,146,112
RC0957,2025-01-18,Fashion,Paid Ads,East,2165,1159,595,214,792
RC0958,2025-04-06,Fashion,Paid Ads,North,2663,1463,821,187,1013
RC0959,2024-12-10,Electronics,Paid Ads,West,4861,4150,1832,162,549
RC0960,2025-03-26,Sports,Paid Ads,West,2936,2051,1166,111,774
RC0961,2024-11-09,Toys,Email,West,2353,1575,676,167,611
RC0962,2025-02-22,Electronics,Paid Ads,Central,16673,14326,6433,204,2143
RC0963,2025-01-21,Sports,Email,West,2534,1668,801,148,718
RC0964,2024-11-24,Sports,Email,North,1883,1254,626,174,455
RC0965,2024-12-18,Books,Social Media,East,552,258,126,236,58
RC0966,2024-12-22,Electronics,Referral,South,5856,3873,391,179,1804
RC0967,2024-11-10,Books,Social Media,North,406,171,43,174,61
RC0968,2024-11-07,Fashion,Social Media,South,2653,1335,525,152,1166
RC0969,2024-12-13,Sports,Paid Ads,East,2308,1544,780,198,566
RC0970,2025-03-10,Fashion,Email,East,1675,927,532,210,538
RC0971,2025-04-04,Fashion,Organic Search,South,2726,1222,183,173,1331
RC0972,2024-12-07,Books,Social Media,North,513,221,69,188,104
RC0973,2024-11-10,Sports,Email,East,4794,2932,1069,194,1668
RC0974,2025-02-26,Fashion,Social Media,East,910,452,165,215,243
RC0975,2024-11-22,Books,Organic Search,North,982,395,57,122,465
RC0976,2025-04-23,Fashion,Social Media,West,2205,1129,482,110,966
RC0977,2024-12-30,Home & Kitchen,Email,East,1325,766,271,230,329
RC0978,2025-04-10,Home & Kitchen,Paid Ads,East,5056,2936,1060,234,1886
RC0979,2025-01-07,Electronics,Organic Search,South,10251,6921,912,121,3209
RC0980,2025-03-27,Books,Paid Ads,East,461,244,182,191,26
RC0981,2025-01-18,Fashion,Paid Ads,North,3093,1675,894,157,1261
RC0982,2024-12-06,Beauty,Email,North,414,239,117,131,44
RC0983,2024-11-04,Books,Paid Ads,East,206,106,73,172,-72
RC0984,2025-03-02,Electronics,Referral,West,13713,9231,1175,154,4328
RC0985,2025-01-03,Sports,Referral,Central,4311,2284,256,173,1854
RC0986,2025-04-04,Fashion,Organic Search,Central,3362,1586,413,137,1639
RC0987,2025-02-03,Books,Organic Search,East,426,173,29,169,84
RC0988,2025-03-16,Fashion,Paid Ads,West,978,510,237,141,327
RC0989,2024-12-16,Sports,Referral,South,5291,2810,328,107,2374
RC0990,2025-04-11,Sports,Social Media,North,991,587,183,124,280
RC0991,2024-12-29,Toys,Paid Ads,East,1338,896,385,207,235
RC0992,2024-11-21,Toys,Paid Ads,North,2869,1778,550,128,963
RC0993,2025-03-09,Beauty,Referral,West,2670,1289,194,134,1247
RC0994,2025-04-24,Electronics,Organic Search,South,9216,6351,1028,105,2760
RC0995,2025-01-05,Beauty,Email,East,2236,1337,736,162,737
RC0996,2025-04-09,Toys,Paid Ads,North,2119,1419,610,181,519
RC0997,2025-02-20,Fashion,Social Media,West,2879,1359,357,169,1351
RC0998,2025-04-14,Sports,Paid Ads,North,3944,2713,1482,182,1049
RC0999,2024-12-31,Beauty,Referral,South,1359,636,54,129,594
RC1000,2024-12-02,Books,Social Media,Central,806,360,141,171,275
